Parch,Survival Rate
0,0.343658
1,0.550847
2,0.5
3,0.6
4,0
5,0.2
6,0
